{
  "timestamp": "2025-01-06",
  "analysis_mode": "advanced",
  "data_points_analyzed": 500,
  "model_performance": {
    "random_forest_r2": 0.9340818030373141
  },
  "scenarios": {
    "scenario_1": {
      "market_conditions": {
        "volatility": 0.12,
        "liquidity": 80,
        "demand_index": 1.3,
        "competition_score": 6,
        "growth_rate": 0.035
      },
      "ruv_potential": 38.025,
      "optimal_portfolio": {
        "Tech_Stocks": 0.025594866020729037,
        "Bonds": 0.0,
        "Commodities": 0.0,
        "Real_Estate": 0.974405133979271,
        "Crypto": 1.2879992206657323e-16
      },
      "pricing_strategy": {
        "optimal_price": 116.65398169600002,
        "price_components": {
          "base_price": 100.0,
          "demand_adjustment": 1.12,
          "competition_impact": 0.97,
          "volatility_premium": 1.024,
          "liquidity_factor": 0.98,
          "growth_premium": 1.07
        }
      },
      "resource_allocation": {
        "market_research": 178.4641865946596,
        "product_development": 228.7118596883024,
        "marketing": 200.0084924880057,
        "operations": 142.57320316881547,
        "expansion": 250.24225806021684
      }
    },
    "scenario_2": {
      "market_conditions": {
        "volatility": 0.25,
        "liquidity": 45,
        "demand_index": 0.9,
        "competition_score": 12,
        "growth_rate": 0.01
      },
      "ruv_potential": 23.2,
      "optimal_portfolio": {
        "Tech_Stocks": 0.07382271197439806,
        "Bonds": 0.0,
        "Commodities": 4.6148950903918616e-17,
        "Real_Estate": 0.8718189467551237,
        "Crypto": 0.0543583412704783
      },
      "pricing_strategy": {
        "optimal_price": 76.75728480000001,
        "price_components": {
          "base_price": 100.0,
          "demand_adjustment": 0.96,
          "competition_impact": 0.79,
          "volatility_premium": 1.05,
          "liquidity_factor": 0.945,
          "growth_premium": 1.02
        }
      },
      "resource_allocation": {
        "market_research": 178.4641865946596,
        "product_development": 228.7118596883024,
        "marketing": 200.0084924880057,
        "operations": 142.57320316881547,
        "expansion": 250.24225806021684
      }
    },
    "scenario_3": {
      "market_conditions": {
        "volatility": 0.18,
        "liquidity": 65,
        "demand_index": 1.1,
        "competition_score": 8,
        "growth_rate": 0.025
      },
      "ruv_potential": 31.858333333333338,
      "optimal_portfolio": {
        "Tech_Stocks": 0.05172353335511077,
        "Bonds": 1.6097390611561493e-17,
        "Commodities": 1.560883082778862e-17,
        "Real_Estate": 0.9482764666448891,
        "Crypto": 1.7081997679399982e-16
      },
      "pricing_strategy": {
        "optimal_price": 99.34616328000001,
        "price_components": {
          "base_price": 100.0,
          "demand_adjustment": 1.04,
          "competition_impact": 0.91,
          "volatility_premium": 1.036,
          "liquidity_factor": 0.965,
          "growth_premium": 1.05
        }
      },
      "resource_allocation": {
        "market_research": 178.4641865946596,
        "product_development": 228.7118596883024,
        "marketing": 200.0084924880057,
        "operations": 142.57320316881547,
        "expansion": 250.24225806021684
      }
    },
    "scenario_4": {
      "market_conditions": {
        "volatility": 0.08,
        "liquidity": 90,
        "demand_index": 1.5,
        "competition_score": 4,
        "growth_rate": 0.045
      },
      "ruv_potential": 42.74166666666667,
      "optimal_portfolio": {
        "Tech_Stocks": 0.0,
        "Bonds": 2.9960930986717552e-18,
        "Commodities": 2.781567904188838e-17,
        "Real_Estate": 1.0,
        "Crypto": 0.0
      },
      "pricing_strategy": {
        "optimal_price": 135.51078816,
        "price_components": {
          "base_price": 100.0,
          "demand_adjustment": 1.2,
          "competition_impact": 1.03,
          "volatility_premium": 1.016,
          "liquidity_factor": 0.99,
          "growth_premium": 1.09
        }
      },
      "resource_allocation": {
        "market_research": 178.4641865946596,
        "product_development": 228.7118596883024,
        "marketing": 200.0084924880057,
        "operations": 142.57320316881547,
        "expansion": 250.24225806021684
      }
    }
  },
  "total_ruv_potential": 135.825,
  "average_ruv_per_scenario": 33.95625,
  "optimization_efficiency": 1.0,
  "recommendations": {
    "primary_strategy": "Focus on scenario_4 conditions",
    "key_insight": "Growth rate and low volatility drive maximum rUv generation",
    "action_items": [
      "Diversify portfolio with tech stocks emphasis",
      "Implement dynamic pricing with volatility premiums",
      "Allocate maximum resources to product development and expansion",
      "Monitor competition intensity for pricing adjustments"
    ]
  }
}