{
  "benchmark_summary": {
    "timestamp": 1757083397.000462,
    "total_benchmark_time_seconds": 0.08849310874938965,
    "total_tests": 3,
    "total_operations": 120
  },
  "results": {
    "tag_query": {
      "total_operations": 80,
      "avg_duration_ms": 0.6982009632338304,
      "min_duration_ms": 0.5545000021811575,
      "max_duration_ms": 5.335708003258333,
      "p95_duration_ms": 0.8930410112952814,
      "p99_duration_ms": 5.335708003258333,
      "avg_memory_mb": 46.5998046875,
      "avg_cpu_percent": 67.09625,
      "success_rate": 0.0,
      "operations_per_second": 1432.2523924463505
    },
    "multi_tag_query": {
      "total_operations": 25,
      "avg_duration_ms": 0.6861282006138936,
      "min_duration_ms": 0.5540830024983734,
      "max_duration_ms": 1.8674580060178414,
      "p95_duration_ms": 1.0067080002045259,
      "p99_duration_ms": 1.8674580060178414,
      "avg_memory_mb": 46.690625,
      "avg_cpu_percent": 65.008,
      "success_rate": 0.0,
      "operations_per_second": 1457.453576613348
    },
    "tag_update": {
      "total_operations": 15,
      "avg_duration_ms": 0.6772750008773679,
      "min_duration_ms": 0.5830419977428392,
      "max_duration_ms": 0.9619170014047995,
      "p95_duration_ms": 0.9619170014047995,
      "p99_duration_ms": 0.9619170014047995,
      "avg_memory_mb": 46.733333333333334,
      "avg_cpu_percent": 71.54,
      "success_rate": 0.0,
      "operations_per_second": 1476.5051104862305
    }
  },
  "analysis": {
    "overall_avg_response_time_ms": 0.6872013882416973,
    "worst_case_response_time_ms": 5.335708003258333,
    "overall_success_rate": 0.0,
    "total_throughput_ops_per_second": 4366.211079545929,
    "performance_grade": "D (Needs Improvement)",
    "bottlenecks_identified": [
      {
        "type": "variability",
        "test": "tag_query",
        "issue": "High response time variability (max: 5.3ms, avg: 0.7ms)",
        "severity": "medium"
      },
      {
        "type": "reliability",
        "test": "tag_query",
        "issue": "Low success rate: 0.0%",
        "severity": "high"
      },
      {
        "type": "reliability",
        "test": "multi_tag_query",
        "issue": "Low success rate: 0.0%",
        "severity": "high"
      },
      {
        "type": "reliability",
        "test": "tag_update",
        "issue": "Low success rate: 0.0%",
        "severity": "high"
      }
    ],
    "resource_utilization": {
      "avg_memory_mb": 46.635416666666664,
      "peak_memory_mb": 46.75,
      "avg_cpu_percent": 67.21666666666667,
      "peak_cpu_percent": 81.9,
      "memory_efficiency": "good",
      "cpu_efficiency": "needs_monitoring"
    }
  },
  "recommendations": []
}